Card Name,Website Name,Source,Card Type,Compatibility,Count,Persuasion Cost,Specimen Cost,Acquisition Bonus,Passive Ability,Green Access,Purple Access,Yellow Access,Emperor Access,Spacing Guild Access,Bene Gesserit Access,Fremen Access,Spy Access,Tech,Shipping,Unload,Infiltration,Research,Grafting,Spies,Sandworms,Contracts,Battle Icons,Sardaukar,Agent Ability,Reveal Persuasion,Reveal Swords,Reveal Ability,Emperor Affiliation,Spacing Guild Affiliation,Bene Gesserit Affiliation,Fremen Affiliation,VPs Available,Count in Merakon's House Blend
"Arrakis Recruiter
",,Base,Imperium,All,2,2,4,,,,X,,,,,,,,,,,,,,,,,,+1 Troop,1,1,,,,,,,
Assassination Mission,,Base,Imperium,All,2,1,4,,,,,,,,,,,,,,,,,,,,,,"When trashed by another card or effect:
+4 Solari",,1,+1 Solari,,,,,,1
Bene Gesserit Initiate,,Base,Imperium,All,2,3,3,,,X,X,X,,,,,,,,,,,,,,,,,Draw 1 card,1,,,,,X,,,
Bene Gesserit Sister,,Base,Imperium,All,3,3,3,,,X,,,,,X,,,,,,,,,,,,,,,,,"+2 Persuation Or
+2 Swords",,,X,,,1
Carryall,,Base,Imperium,All,1,5,3,,,,,X,,,,,,,,,,,,,,,,,Double base spice harvest (not bonus),1,,+1 Spice,,,,,,
Chani,,Base,Imperium,All,1,5,3,+1 Water,,,X,X,,,,X,,,,,,,,,,,,,,2,,Retreat any number of Troops,,,,X,,
CHOAM Directorship,,Base,Imperium,All,1,8,3,+1 Influence with each Faction,,,,,,,,,,,,,,,,,,,,,,,,+3 Solari,,,,,,
Crysknife,,Base,Imperium,All,1,3,3,,,,,x,,,,X,,,,,,,,,,,,,+1 Solari,,1,Fremen Bond: +1 Influence with Fremen,,,,X,,1
Dr. Yueh,,Base,Imperium,All,1,1,2,,,,X,,,,,,,,,,,,,,,,,,Draw 1 card,1,,,,,,,,
Duncan Idaho,,Base,Imperium,All,1,4,2,,,,X,,,,,,,,,,,,,,,,,,Pay 1 water: +1 Troop and Draw 1 card,,2,+1 Water,,,,,,
Fedaykin Death Commando,,Base,Imperium,All,2,3,2,,,,X,X,,,,,,,,,,,,,,,,,Trash a card,1,,Fremen bond: +3 Swords,,,,X,,1
"Firm Grip
",Form Grip,Base,Imperium,All,1,4,2,,,X,,,X,,,,,,,,,,,,,,,,"Pay 2 Solari: +1 Influence with:
Spacing Guild OR Bene Gesserit OR Fremen",,,Having Emperor Alliance: +4 Persuation,X,,,,,
Fremen Camp,,Base,Imperium,All,2,4,2,,,,,X,,,,,,,,,,,,,,,,,Pay 2 Spice: +3 Troops,2,1,,,,,X,,1
"Gene Manipulation
",,Base,Imperium,All,2,3,2,,,X,X,,,,,,,,,,,,,,,,,,"Trash a card and with another
Bene Gesserit card in play: +2 Spice",2,,,,,X,,,
Guild Administrator,,Base,Imperium,All,2,2,1,,,,,x,,X,,,,,,,,,,,,,,,Trash 1 card,1,,,,X,,,,1
Guild Ambassador,,Base,Imperium,All,1,4,1,,,X,,,,,,,,,,,,,,,,,,,+1 Spacing Guild Influence or +2 Spice,,,"Having Spacing Guild Alliance:
Pay 3 Spice for +1 Victory Point",,X,,,9,
Guild Bankers,,Base,Imperium,All,1,3,1,,,X,,,X,X,,,,,,,,,,,,,,,,,,"The Spice Must Flow costs
3 less this turn",,X,,,,1
Gun Thopter,,Base,Imperium,All,2,4,1,,,,X,X,,,,,,,,,,,,,,,,,Each opponent loses 1 Garrisoned Troop,,3,"You may deploy a troop from
your Garrison to the Conflict",,,,,,1
Gurney Halleck,,Base,Imperium,All,1,6,1,,,,X,,,,,,,,,,,,,,,,,,+2 Troops and Draw 1 card,2,,"Pay 3 solari:
+2 Troops to Garrison or Conflict",,,,,,
"Imperial Spy
",,Base,Imperium,All,2,2,,,,,,,X,,,,,,,,,,,,,,,,"Trash this card: 
Draw 1 Intrigue card",1,1,,X,,,,,1
Kwisatz Haderach,,Base,Imperium,All,1,8,,,,X,X,X,X,X,X,X,,,,,,,,,,,,,"Send one of your agents from anywhere
to any board space and Draw 1 card",,,,,,X,,,
Lady Jessica,,Base,Imperium,All,1,7,,+1 Influence,,X,X,X,,,X,,,,,,,,,,,,,,Draw 2 cards,3,1,,,,X,,,
Liet Kynes,,Base,Imperium,All,1,5,,+1 Influence with Emperor,,,X,,,,,X,,,,,,,,,,,,,,,,"+2 Persuation for each Fremen card in play, including this one",X,,,X,,
Missionaria Protectiva,,Base,Imperium,All,2,1,,,,,X,,,,,,,,,,,,,,,,,,"With another Bene Gesserit card in play:
+1 Influence",1,,,,,X,,,1
"Opulence
",,Base,Imperium,All,1,6,,,,,,,X,,,,,,,,,,,,,,,,+3 Solari,1,,Pay 6 Solari -> +1 Victory Point,X,,,,9,
Other Memory,,Base,Imperium,All,1,4,,,,,X,X,,,,,,,,,,,,,,,,,"Draw 1 card or Draw 1 Bene Gesserit card
from your discard pile",2,,,,,X,,,1
Piter De Vries,,Base,Imperium,All,1,5,,,,X,X,,,,,,,,,,,,,,,,,,Draw 1 Intrigue card,3,1,,,,,,,
"Power Play
",,Base,Imperium,All,3,5,,,,,,,X,X,X,X,,,,,,,,,,,,,"+2 Influence instead of +1 Influence
and Trash this card",,,,,,,,,1
Reverend Mother Mohiam,,Base,Imperium,All,1,6,,,,,,,X,,X,,,,,,,,,,,,,,"With another Bene Gesserit card in play
each opponent discards 2 cards",2,,+2 Spice,X,,X,,,1
Sardaukar Infantry,,Base,Imperium,All,2,1,,,,,,,,,,,,,,,,,,,,,,,,1,2,,X,,,,,1
Sardaukar Legion,,Base,Imperium,All,2,5,,,,X,,,X,,,,,,,,,,,,,,,,+2 Troops,1,,"Deploy up to 3 troops from
Garrison to Conflict",X,,,,,
"Scout
",,Base,Imperium,All,2,1,,,,,X,X,,,,,,,,,,,,,,,,,,1,1,Retreat up to 2 Troops from Conflict,,,,,,
"Shifting Allegiances
",,Base,Imperium,All,2,3,,,,X,,X,,,,,,,,,,,,,,,,,"Pay 1 Influence and 2 Spice to gain
+2 other Influence",2,,,,,,,,
Sietch Reverend Mother,,Base,Imperium,All,1,4,,,,,,,,,X,X,,,,,,,,,,,,,Trash a card,,,"Fremen Bond:
+3 Persuation and +1 Spice",,,X,X,,1
Smuggler's Thopter,,Base,Imperium,All,2,4,,,,,,X,,,,,,,,,,,,,,,,,"With 2 Spacing Guild Influence:
Draw 2 cards",1,,+1 Spice,,X,,,,
"Space Travel
",,Base,Imperium,All,2,3,,,,,,,,X,,,,,,,,,,,,,,,Draw 1 card,2,,,,X,,,,1
"Spice Hunter
",,Base,Imperium,All,2,2,,,,,,X,,,,X,,,,,,,,,,,,,,1,1,Fremen bond: +1 Spice,,,,X,,1
"Spice Smugglers
",,Base,Imperium,All,2,2,,,,,X,,,,,,,,,,,,,,,,,,"Pay 2 spice:
+1 Spacing Guild Influence and +3 Solari",1,1,,,X,,,,1
Stilgar,,Base,Imperium,All,1,5,,,,,X,X,,,,X,,,,,,,,,,,,,+1 Water,2,3,,,,,X,,
Test of Humanity,,Base,Imperium,All,1,3,,,,X,X,,,,X,,,,,,,,,,,,,,"Opponents discard 1 card or
lose 1 deployed Troop",2,,,,,X,,,
The Voice,,Base,Imperium,All,2,2,,,,,X,X,,,,,,,,,,,,,,,,,"Block 1 board space for Opponents
this round",2,,,,,X,,,1
Thufir Hawat,,Base,Imperium,All,1,5,,,,,X,X,X,X,X,X,,,,,,,,,,,,,Draw 1 card,1,,Draw 1 Intrigue card,,,,,,1
Worm Riders,,Base,Imperium,All,2,6,,,,,X,X,,,,,,,,,,,,,,,,,+2 Spice,,,Having 2 Fremen Influence: +4 Swords. Having Fremen Alliance: +2 swords.,,,,X,,
CHOAM Demands,,Bloodlines,Imperium,Contracts (Uprising),1,6,,,,X,X,X,,,,,,,,,,,,,,X,,,Complete one of your contracts.,,,If you have completed 4+ Contracts: Trash this card -> +1 Influence with every Faction.,,X,,,,
Corrupt Bureaucrat,,Bloodlines,Imperium,Contracts (Uprising),1,4,,,When this card is discarded: +3 Solari.,X,,,,X,,,X,,,,,,,X,,X,,,If you recalled a Spy this turn: +1 Contract.,2,,,,X,,,,
Delivery Logistics,,Bloodlines,Imperium,Contracts (Uprising),2,2,,,,,,,,,,,,,,,,,,,,X,,,This has the Agent icons shown on all your incomplete contracts.,,,+1 Persuasion OR +1 Contract.,,X,,,,
Mercantile Affairs,,Bloodlines,Imperium,Contracts (Uprising),1,5,,+1 Contract,,,X,X,,,X,,X,,,,,,,X,,X,,,If you completed a contract this turn: +1 Intrigue card,2,,,,,X,,,
Arrakis Observer,,Bloodlines,Imperium,Uprising,1,3,,,,,X,X,,,,,,,,,,,,X,,,,,Discard a card -> +1 Spy with Deep Cover. If you discarded a Spacing Guild card: +2 Spice. ,1,,Recall a Spy -> +3 Swords.,,X,,,,
Bombast,,Bloodlines,Imperium,All,1,1,,,,X,,,,,,,,,,,,,,,,,,,,1,,If you have 6+ Persuasion: +3 Solari and trash this card.,X,,,,,
Command Center,,Bloodlines,Imperium,All,1,3,,,,,X,,X,,,,,,,,,,,,,,,,If you have 2+ Influence with the Emperor: +1 Troop.,1,,Retreat 2 Troops -> +2 Persuasion.,X,,,,,
Disruption Tactics,,Bloodlines,Imperium,All,1,2,,,,,,X,,,,X,,,,,,,,,,,,,Force an enemy troop to retreat.,1,,Trash this card -> Deploy troops. ,,,,X,,
Eliminate Allies,,Bloodlines,Imperium,Uprising,1,2,,,When this card is trashed: +2 Troops.,,,,,,,,X,,,,,,,X,,,,,Trash a card.,1,1,,X,,,,,
Elite Forces,,Bloodlines,Imperium,All,1,3,,,,,,,X,X,,,,,,,,,,,,,,,"You may trash a card from your hand. If you trash an Emperor card: +1 Intrigue, +1 Troop, Deploy troops. ",1,1,,X,X,,,,
Engineered Miracle,,Bloodlines,Imperium,All,1,3,,,,,,X,,,,X,,,,,,,,,,,,,Discard a card -> +1 Water,1,,If you have 6+ Persuasion: Trash this card -> Acquire a card from the Imperium Row.,,,X,,,
Fremen War Name,,Bloodlines,Imperium,All,1,4,,,,,,X,,,,X,,,,,,,,,,,,,If you gained 2+ Spice this turn: +1 Troop and Draw a card.,2,,Fremen Bond: +2 Swords,,,,X,,
Holy War,,Bloodlines,Imperium,Uprising,1,5,,,,X,,,X,X,X,,,,,,,,,X,,,,,Each opponent loses one troop. Each opponent spying on the board space where you sent an Agent this turn must move that Spy.,1,,+1 Troop AND Fremen Bond: Deploy troops.,,,,X,,
I Believe,,Bloodlines,Imperium,All,1,3,,,,,X,,,,,X,,,,,,,,,,,,,Discard a card -> Draw a card,1,,If you have 6+ Persuasion: +2 Troops.,,,,X,,
Imperial Throneship,,Bloodlines,Imperium,All,1,7,,+1 Influence with the Emperor,,X,X,X,X,X,X,,,,,,,,,,,,,,+1 Intrigue,2,,If you have 4+ garrisoned units: +1 Persuasion and +3 Solari.,X,,,,,
Intelligence Training,,Bloodlines,Imperium,Uprising,2,3,,+1 Spy,,X,X,,,,,,,,,,,,,X,,,,,,1,1,If you have 6+ Persuasion: +1 Spy,X,,,,,
Ixian Ambassador,,Bloodlines,Imperium,Uprising,2,4,,,,X,,,,,,,,X,,,,,,,,,,,+1 Spice,1,,,,,,,,
Litany Against Fear,,Bloodlines,Imperium,All,1,3,,,At the start of your turn: Put this card into play -> Draw a card and pass your turn. ,,,,,,,,,,,,,,,,,,,,,2,,,,,X,,,
Pointing the Way,,Bloodlines,Imperium,Uprising,1,6,,,,,X,X,,,,X,,,,,,,,,X,,,,If you have 1+ Sandworms in the Conflict: +1 Intrigue card.,1,2,If you have 6+ Persuasion: +1 Influence with any Faction.,,,,X,,
Possible Futures,,Bloodlines,Imperium,All,1,8,,+1 Water,,X,X,X,,,,,,,,,,,,,,,,,"+1 Influence with any Faction OR +2 Troops. If you have another Bene Gesserit card in play, get both. ",2,,+1 Water,,,X,X,,
Quash Rebellion,,Bloodlines,Imperium,Bloodlines,2,5,,,,X,,,X,X,,,,,,,,,,,,,,X,+2 Solari,,2,If you have 1+ Sardaukar Commanders in the Conflict: +2 Persuasion.,X,,,,,
Sandwalk,,Bloodlines,Imperium,All,2,1,,,,,,X,,,,,,,,,,,,,,,,,If you gained 2+ Spice this turn: Draw a card.,1,1,Fremen Bond: +1 Persuasion.,,,,X,,
Sardaukar Standard,,Bloodlines,Imperium,Bloodlines,1,4,,,"When this card is trashed, acquire and recruit the Sardaukar Commander in the bank. ",,X,,X,,,,,,,,,,,,,,,X,,2,,+1 Troop,X,,,,,
Shrouded Counsel,,Bloodlines,Imperium,Uprising,1,4,,,,,,,,,,,X,,,,,,,X,,,,,+1 Intrigue card,1,,If you have 6+ Persuasion: Trash a card.,,,X,,,
Southern Faith,,Bloodlines,Imperium,All,1,5,,,,,X,,,,,X,,,,,,,,,,,,,Draw a card OR If you have another Bene Gesserit card in play: +1 Influence with the Bene Gesserit.,1,2,If you have 6+ Persuasion: +2 Spice.,,,X,X,,
Urgent Shigawire,,Bloodlines,Imperium,All,2,2,,,,,X,,,,X,,,,,,,,,,,,,,"The next Bene Gesserit card you play this round has all Agent icons and, added to its Agent box: Draw a card.",1,,,,,X,,,
Bene Tleilax Lab,,Immortality,Imperium,Immortality,1,2,,,,,X,X,,,,,,,,,,X,,,,,,,+1 Specimen,1,,"If at 1 DNA, +1 Spice",,,,,,
Bene Tleilax Researcher,,Immortality,Imperium,Immortality,1,4,,,,X,,,,,,,,,,,,X,X,,,,,,+1 Research,1,,"If at 1 DNA, +1 Persuasion
If at 2 DNA, +1 Persuasion",,,,,,
Blank Slate,,Immortality,Imperium,Immortality,1,1,,,,X,X,X,,,,,,,,,,,X,,,,,,"If grafted, this has access to all factions.",1,,,,,,,,
Clandestine Meeting,,Immortality,Imperium,Immortality,1,4,,,,,,,,,,,,,,,,,X,,,,,,"+1 Bene Gesserit Influence, +1 Intrigue card",2,,,,,X,,,
Corrupt Smuggler,,Immortality,Imperium,Immortality,1,3,,,,,,X,,X,,,,,,,,,X,,,,,,If grafted: +2 Spice,1,1,,,X,,X,,
Dissecting Kit,,Immortality,Imperium,Immortality,2,2,,,,X,X,,,,,,,,,,,X,X,,,,,,Trash the other grafted card -> +1 Specimen,1,,"If at 1 DNA, +1 Beetle",,,,,,
For Humanity,,Immortality,Imperium,All,1,7,,,,X,,X,,,X,,,,,,,,,,,,,,+1 Influence with any Faction,2,,With the Bene Gesserit Alliance: -2 Influence with a Faction -> +1 Victory Point,,,X,,9,
High Priority Travel,,Immortality,Imperium,All,2,1,,,,X,,X,,,,,,,,,,,,,,,,,With 2 Influence with Spacing Guild: Draw a card OR Turn space into a Combat space,1,,+1 Solari,,X,,,,
Imperium Ceremony ,,Immortality,Imperium,All,1,6,,,,X,,,X,X,,,,,,,,,,,,,,,Look at the top two cards of the Intrigue deck. Keep one and put the other pack on top.,3,,,X,X,,,,
Interstellar Conspiracy,,Immortality,Imperium,All,1,4,,,,,X,,,,,,,,,,,,X,,,,,,+1 Spice AND If grafted with an Emperor or Spacing Guild card: +1 Influence with any Faction,2,,,,,,,,
Keys to Power,,Immortality,Imperium,All,1,5,,,,X,,,,X,X,,,,,,,,,,,,,,With 2 Influence with Emperor: +2 Spice,2,,,,X,X,,,
Lisan Al Gaib,,Immortality,Imperium,All,1,4,,+1 Spice,,,X,X,,,,X,,,,,,,,,,,,,"If you have another Bene Gesserit card in play, +1 Influence with Fremen",1,,Fremen Bond: +2 Swords,,,X,X,,
Long Reach,,Immortality,Imperium,All,1,6,,,,,,,,,,,,,,,,,,,,,,,"If you have another Bene Gesserit card in play, this card has Green, Purple, and Yellow access. +1 Influence with 2 Factions of your choice. ",1,,+1 Intrigue card,,,X,,,
Occupation,,Immortality,Imperium,All,1,8,,+3 Troops,,,X,X,X,X,X,X,,,,,,,,,,,,,Draw a card AND Turn space into a Combat space,,,"+1 Water, +1 Spice, +1 Troop",,X,,,,
Organ Merchants,,Immortality,Imperium,Immortality,1,3,,,,,X,X,,,,,,,,,,X,,,,,,,1 Specimen -> 4 Solari,1,,+1 Solari,,,,,,
Planned Coupling,,Immortality,Imperium,All,2,3,,,,,,,,,X,,,,,,,,X,,,,,,Draw 1 card,1,,,,,X,,,
Replacement Eyes,,Immortality,Imperium,Immortality,1,5,,,When this card is trashed: +1 Beetle,,X,,,,,,,,,,,,X,,,,,,Trash a card -> Draw 1 card,1,1,,,,,,,
Sarduakar Quartermaster,Sardaukar Quartermaster,Immortality,Imperium,Immortality,1,2,,,,X,X,,,,,,,,,,,,X,,,,,,"If grafted: +1 Troop, Draw a Card",1,2,,X,,,,,
Shadout Mapes,,Immortality,Imperium,All,1,2,,,,,,X,,,,X,,,,,,,,,,,,,,1,1,You may deploy or retreat one of your troops.,,,,X,,
Show of Strength,,Immortality,Imperium,All,1,3,,,,,,,,,,,,,,,,,X,,,,,,"If you have more deployed troops than each opponent, this has Green and Yellow access. Draw two cards.",1,2,,X,,,X,,
Spiritual Fervor,,Immortality,Imperium,Immortality,2,3,,+1 Research,,,,X,,,,,,,,,,X,,,,,,,,1,,+1 Specimen,,,,,,
Stillsuit Manufacturer,,Immortality,Imperium,All,1,5,,,,,X,,,,,X,,,,,,,,,,,,,+1 Water AND If you have the Fremen Alliance: Return this card from play to your hand.,1,,Fremen Bond: +2 Spice,,,,X,,
Throne Room Politics,,Immortality,Imperium,All,1,4,,,,,,,X,,,,,,,,,,,,,,,,"+1 Troop, Trash a card",1,,+1 Influence with Bene Gesserit,X,,X,,,
Tleilaxu Master,,Immortality,Imperium,Immortality,2,5,,,,X,,X,,,,,,,,,,X,,,,,,,"If at 1 DNA: You may acquire a card that costs 6 Persuasion or less.
If at 2 DNA: Put that card in your hand.",1,,+2 Research,,,,,,
Tleilaxu Surgeon,,Immortality,Imperium,Immortality,1,3,,,,,X,,X,,,,,,,,,X,,,,,,,2 Specimen -> 2 Beetles,2,,Lose two troops -> +2 Specimen,,,,,,
Arrakis Revolt,,Promo,Imperium,Uprising,1,6,,+1 Troop,,,X,,,,,,,,,,,,,,X,,,,Maker Hooks:  2 Spice -> Destroy the Shield Wall &  Deploy a Worm,1,3,,,,,X,,
"Boundless Ambition
",,Promo,Imperium,All,1,5,,,,,,,X,X,X,X,,,,X,,,,,,,,,Signet Ring,,,Acquire a card that costs 5 Persuation or less.,,,,,,
"Duncan, Loyal Blade",,Promo,Imperium,All,1,5,,,,,X,,,,,X,,,,X,,,,,,,,,+1 Troop,1,2,Retreat any number of Troops From/To your Garrison.,,,,,,
Jessica of Arrakis,,Promo,Imperium,All,1,3,,,,,,X,,,,,,,,,,,,,,,,,"With another Bene Gesserit card in play:
Draw 2 cards",1,2,,,,X,,,
Pivotal Gambit,,Promo,Imperium,All,1,3,,,,,X,,,,,X,,,,,,,,,,,,,Trash this card -> +1 Troop AND Add +1 Influence with any Faction to the first place reward for this conflict,1,2,,,,,X,,
Ruthless Leadership,Ruthless Leadeship,Promo,Imperium,Bloodlines,1,4,,,,,X,X,,,,,,,,,,,,,,,,X,If you have 1+ Sardaukar Commanders in the Conflict: You may Trash two cards.,1,1,If you have 6+ Persuasion: Deploy troops.,X,,,,,
The Beast's Spoils,,Promo,Imperium,Uprising,1,3,,,,,X,,,,,,,,,,,,,,,,X,,"Gain rewards for your face-up Battle Icons: Green -> Trash a card, Yellow -> +1 Spice, Blue -> +1 Troop",,3,,X,,,,,
Thumper,,Promo,Imperium,All,1,3,,,,,,X,,,,,,,,,,,,,,,,,Double the bonus spice you harvest with this Agent,1,,+1 Spice,,,,X,,
Appropriate,,Rise of Ix,Imperium,Shipping (Rise of Ix),1,5,,+1 Shipping track move,,X,,X,,,,,,,X,,,,,,,,,,"With 2 Emperor Influence: +1 Acquire Tech
May use Solari instead of Spice to pay",2,,,X,,,,,
"Bounty Hunter
",,Rise of Ix,Imperium,All,1,1,,,,,X,,,,,,,,,,X,,,,,,,,"If used to send an Agent to a board space
with an enemy Agent: +2 Solari",1,1,,,,,,,
CHOAM Delegate,,Rise of Ix,Imperium,All,1,1,,,,,,X,,,,,,,,X,X,,,,,,,,-,,,+3 Solari,,,,,,
"Court Intrigue
",,Rise of Ix,Imperium,All,1,2,,,,,,,X,,,,,,,,X,,,,,,,,"Put one of your Intrigue cards on the bottom
of the Intrigue deck --> Draw 1 Intrigue card.",1,1,,X,,,,,
"Desert Ambush
",,Rise of Ix,Imperium,All,1,3,,,,,,X,,,,,,,,,,,,,,,,,"For each troop you deploy this turn,
you may force an enemy unit to retreat.",1,1,,,,,X,,
"Embedded Agent
",,Rise of Ix,Imperium,Shipping (Rise of Ix),1,5,,,,X,,,,,,,,,,,X,,,,,,,,"With another Bene Gesserit card in play:
+2 Freighter",1,,Draw 1 Intrigue card,,,X,,,
Esmar Tuek,,Rise of Ix,Imperium,All,1,5,,,,,X,X,,,,,,,,X,,,,,,,,,"Pay 1 Spice -> Gain +1 Bene Gesserit
Influence and Draw 1 card.",,,+2 Spice and +2 Solari,,X,,,,1
"Freighter Fleet
",,Rise of Ix,Imperium,Shipping (Rise of Ix),2,2,,,,,,X,,,,,,,X,X,,,,,,,,,,,,+1 Freighter,,,,,,
"Full-Scale Assault
",Full-Scale Assult,Rise of Ix,Imperium,Tech (Rise of Ix),1,8,,+1 Dreadnought,,,X,,X,,,,,X,,,,,,,,,,,+2 Troops,2,,"+3 Swords for each of your dreadnoughts
in the Conflict",X,,,,,
Guild Accord,,Rise of Ix,Imperium,All,1,6,,,,,,,,X,,,,,,X,X,,,,,,,,"It costs 2 Spice less to send an Agent to the
Heighliner board space with this card.",,,"+1 Water and with
2 Spacing Guild Alliance: +3 Spice",,X,,,,
Guild Chief Administrator,,Rise of Ix,Imperium,Shipping (Rise of Ix),1,4,,,,,X,X,,X,,,,,X,,,,,,,,,,"Discard a card -->
Trash a card",1,,+1 Freighter,,X,,,,
Imperial Bashar,,Rise of Ix,Imperium,All,1,4,,,,,X,,,,,,,,,,,,,,,,,,+1 Troop OR Trash a card,1,2,"+1  Sword for each other revealed card that
provides one or more + Sword this turn.",X,,,,,1
"Imperial Shock Trooper
",,Rise of Ix,Imperium,All,1,3,,,,,,,,,,,,,,,,,,,,,,,,1,2,If you have an Agent on an Emperor board space: +3 Swords,X,,,,,
"In the Shadows
",,Rise of Ix,Imperium,All,2,2,,,,X,X,,,,,,,,,X,,,,,,,,,"With 2 Bene Infl.: Discard a card --> +1 Infl. with:
Emperor OR Spacing Guild OR Fremen.",,,+1 Bene Gesserit Influence,,,X,,,
Ix-Guild Compact,,Rise of Ix,Imperium,Tech (Rise of Ix),1,3,,,,,,,,X,,,,X,,X,,,,,,,,,"Discard 2 cards -->
+1 Dreadnought",,,+2 Tech Negotiation,,X,,,,
Ixian Engineer,,Rise of Ix,Imperium,Tech (Rise of Ix),2,5,,,,,,X,,,,,,X,,,,,,,,,,,Acquire Tech,,,"If you have three or more Tech tiles:
Trash this card --> +1 Victory Point",,,,,1,
Jamis,,Rise of Ix,Imperium,All,1,2,,,,,,,,,,X,,,,,X,,,,,,,,Trash a card,Trash a card,2,,,,,X,,
"Landing Rights
",,Rise of Ix,Imperium,Shipping (Rise of Ix),1,4,,,,,X,,,,,,,,X,,X,,,,,,,,+1 Freighter,2,,,,X,,,,
"Local Fence
",,Rise of Ix,Imperium,All,1,3,,,,,X,,,,,,,,,,,,,,,,,,"Pay 2 Spice --> Gain +5 Solari OR
Pay 5 Solari --> Gain +4 Spice",2,,,,,,,,
"Negotiated Withdrawal
",,Rise of Ix,Imperium,All,2,4,,+1 Troop,,X,X,X,,,,,,,,,,,,,,,,,,2,,Retreat 3 of your Units --> +1 Influence,,,,,,1
"Satellite Ban
",,Rise of Ix,Imperium,All,1,5,,,,,,,,X,,X,,,,,,,,,,,,,"Discard a card -->
+1 Spice and +1 Water",1,,Retreat up to 2 Troops from Conflict,,X,,X,,1
Sayyadina,,Rise of Ix,Imperium,All,1,3,,,,,,,,,X,X,,,,,,,,,,,,,Pay 3 Water --> +1 Victory Point,,,Fremen Bond: +3 Persuation,,,X,X,9,
Shai-Hulud,,Rise of Ix,Imperium,All,1,7,,Trash a card,,,,X,,,,,,,,,,,,,,,,,Trash a card --> +2 Troops,,,Fremen Bond: +5 Swords,,,,X,,1
"Spice Trader
",,Rise of Ix,Imperium,All,1,4,,,,,X,X,,,,,,,,,,,,,,,,,"With 2 Fremen Influence:
Discard a card --> +2 Spice",2,1,,,,,X,,1
"Treachery
",,Rise of Ix,Imperium,All,2,6,,,,,,,X,X,X,X,,,,X,,,,,,,,,"Gain 2 Influence instead of one.
Trash this card.",,,"+2 Troops, deploy these
Troops to the Conflict.",,,,,,1
Truthsayer,,Rise of Ix,Imperium,All,2,3,,,,X,,,X,,X,,,,,,,,,,,,,,Discard a card --> Draw a card,1,1,,X,,X,,,1
"Water Peddler
",,Rise of Ix,Imperium,All,1,1,,+1 Water,,,,,,,,,,,,X,,,,,,,,,,,,+1 Water,,,,,,1
"Web of Power
",,Rise of Ix,Imperium,All,1,4,,,,,,,,,X,,,,,,X,,,,,,,,"With 2 Emperor Infl.: +2 Solari and With 2 Guild Infl.:
Draw a card and With 2 Fremen Infl.: +1 Water.",1,,+1 Influence,,,X,,,
Weirding Way,,Rise of Ix,Imperium,All,1,3,,,,,X,X,,,,,,,,,,,,,,,,,"You may take another turn
immediately after this one.",1,2,,,,X,,,1
Cargo Runner,,Uprising,Imperium,Contracts (Uprising),1,3,,,,X,X,X,,,,,,,,,,,,,,X,,,If you have completed 2+ contracts: Draw a card. If you have completed 4+ contracts: Draw a card.,1,,,,X,,,,1
Delivery Agreement,,Uprising,Imperium,Contracts (Uprising),1,5,,,,,X,,,,,,,,,,,,,,,X,,,Discard a card -> +1 Contract,,,+1 Spice OR If you have completed 4+ Contracts: Trash this card -> +1 Victory Point,,X,,,1,1
Interstellar Trade,,Uprising,Imperium,Contracts (Uprising),1,7,,+1 Contract,,X,X,X,,,,,,,,,,,,,,X,,,+1 Influence with a Faction,,,+1 Persuasion for each Contract you have completed.,,X,,,,1
Priority Contracts,,Uprising,Imperium,Contracts (Uprising),1,6,,,,X,,X,,,,,,,,,,,,,,X,,,+1 Contract,,,+2 Spice OR If you have completed 4+ Contracts: Trash this card -> +1 Victory Point,,X,,,1,1
Bene Gesserit Operative,,Uprising,Imperium,Uprising,2,3,,,,,,,,,X,,,,,,,,,X,,,,,+1 Spy,1,,If you have two or more Spies on the board: +2 Persuasion,,,X,,,1
Branching Path,,Uprising,Imperium,All,1,3,,,,,X,,,,X,,,,,,,,,,,,,,"With 2 Influence with Bene Gesserit: Trash an intrigue card -> +1 Intrigue card, +2 Spice",2,,,,,X,,,1
Calculus of Power,,Uprising,Imperium,Uprising,2,3,,,,,X,,,,,,X,,,,,,,,,,,,Trash a card,2,,Trash another Emperor card you have in play -> +3 Swords,X,,,,,2
Captured Mentat,,Uprising,Imperium,All,1,5,,,,X,,X,,,,,,,,,,,,,,,,,"Discard 1 card -> +1 Intrigue card, Draw 1 card",1,,-1 Influence with a Faction -> +1 Influence with a Faction,,,,,,1
"Chani, Clever Tactician",,Uprising,Imperium,All,1,5,,,,,X,X,,,,X,,,,,,,,,,,,,If you have three or more units in the conflict: +1 Intrigue card,,,"Retreat two of your troops -> 4 Swords
Fremen Bond: +2 Persuasion",,,,X,,1
Corrinth City,,Uprising,Imperium,All,1,6,,,,X,,,X,,,,,,,,,,,,,,,,Discard two cards and pay 5 Solari -> +1 Victory Point,,,"5 Solari OR
Pay 5 Solari -> Take your seat on the High Council (if you haven't already)",X,,,,9,1
Covert Operation,,Uprising,Imperium,Uprising,1,3,,,,,,,,,,,X,,,,,,,X,,,,,Each opponent discards a card.,,,+2 Spies,,,,,,1
Dangerous Rhetoric,,Uprising,Imperium,Uprising,1,3,,,,X,,,,,,,X,,,,,,,,,,,,1 Influence with a Faction. Trash this card.,1,1,,,,,,,1
Desert Power,,Uprising,Imperium,Uprising,1,6,,,,,,X,,,,,,,,,,,,,X,,,,If you sent an Agent to a Maker board space this turn: +2 Spice,,,+2 Persuasion OR With Maker Hooks: 1 Water -> 1 Sandworm,,,,X,,1
Desert Survival,,Uprising,Imperium,All,2,2,,,,,,X,,,,,,,,,,,,,,,,,Trash a card,1,1,,,,,X,,1
Double Agent,,Uprising,Imperium,Uprising,2,3,,,,X,X,X,,,,,,,,,,,,X,,,,,+1 Spy on the board space your sent an Agent to this turn. You may place this Spy ont he same observation post as another player's Spy.,1,1,,,,,,,2
Ecological Testing Station,,Uprising,Imperium,All,1,3,,,,,X,,,,,X,,,,,,,,,,,,,2 Water -> Draw 2 cards,1,,Fremen Bond: +1 Water,,,,X,,1
Fedaykin Stilltent,,Uprising,Imperium,Uprising,1,2,,,,,,X,,,,,,,,,,,,,,,,,If you sent an Agent to a Maker board space  this turn: Get 1 Troop.,,,+1 Water,,,,X,,1
Guild Envoy,,Uprising,Imperium,All,1,3,,,,,,,X,X,X,X,,,,,,,,,,,,,Discard a card. If you discarded a Spacing Guild card: Draw 2 cards,1,,,,X,,,,1
Guild Spy,,Uprising,Imperium,Uprising,1,3,,+1 Spy,,,,,,,,,X,,,,,,,X,,,,,Discard 1 card -> Draw 1 card. If you discarded a Spacing Guild card: +1 Intrigue card,2,,"If you acquire The Spice Must Flow this turn, gain one influence with each Faction you are spying on.",,,,,,1
Hidden Missive,,Uprising,Imperium,All,1,2,,,,X,,,,,,,,,,,,,,,,,,,2 Influence with Bene Gesserit: Get 1 Troop & Draw a card.,1,1,,,,X,,,1
Imperial Spymaster,,Uprising,Imperium,Uprising,1,2,,,,,,,X,,,,X,,,,,,,X,,,,,If you recalled a Spy this turn: Get 1 Intrigue Card.,1,1,,X,,,,,1
In High Places,,Uprising,Imperium,Uprising,1,5,,+1 Spy,,,,,X,,X,,,,,,,,,X,,,,,"If you have another Bene Gesserit card in play: Draw 1 card, +1 Spy",2,,Recall 2 Spies -> +3 Persuasion,X,,X,,,1
Junction Headquarters,Junction Headquaters,Uprising,Imperium,All,1,6,,,,X,X,X,,,,,,,,,,,,,,,,,"With 2 Spacing Guild Influence: 
Trash an intrigue card and spend two spice to gain one Victory Point",1,,"+1 Water, +1 Troop",,X,,,9,1
Leadership,,Uprising,Imperium,Uprising,1,5,,,,,,X,,,,X,,,,,,,,,X,,,,For each Sandworm you have in the conflict: Draw a card.,2,1,+1 Sword for each revealed card that provides one or more Swords this turn.,,,,X,,1
Long Live the Fighters,,Uprising,Imperium,All,1,7,,,,,X,,,,,X,,,,,,,,,,,,,"If your deck has three or more cards, look at the top three cards. Draw one, discard one, and trash one.",2,3,,,,,X,,1
Maker Keeper,,Uprising,Imperium,All,2,2,,,,,X,,,,,,,,,,,,,,,,,,"2 Influence with Bene Gesserit: +1 Water
2 Influence with Fremen: +1 Spice",2,,,,,X,X,,1
Maula Pistol,,Uprising,Imperium,All,2,3,,,,,X,X,,,,,,,,,,,,,,,,,Draw a card,1,1,,,,,X,,1
Northern Watermaster,,Uprising,Imperium,All,1,3,,,,,X,,,,,,,,,,,,,,,,,,+1 Water,1,,Fremen Bond: +2 Spice,,,,X,,1
Overthrow,,Uprising,Imperium,All,1,8,,+1 Intrigue card,,,,,X,X,X,X,,,,,,,,,,,,,Gain two influence instead of one.,2,2,+1 Troop,,,,,,1
Paracompass,,Uprising,Imperium,All,1,4,,,,,X,,,,,,,,,,,,,,,,,,+2 Solari,,,"If you have a seat on the High Council: +2 Persuasion
If you ALSO have a Swordmaster: +1 Persuasion",,,,,,1
Price is No Object,,Uprising,Imperium,All,1,6,,+2 Solari,,,,,X,,X,,,,,,,,,,,,,,You may acquire a card to your hand using Solari instead of Persuasion.,2,,+2 Solari,X,,X,,,1
Public Spectacle,,Uprising,Imperium,Uprising,2,4,,,,,,,,,,,X,,,,,,,X,,,,,If you recalled a Spy this turn: +1 Influence with a Faction,1,,+1 Spy,X,,,,,2
Rebel Supplier,,Uprising,Imperium,Uprising,2,3,,,,,X,,,,,,,,,,,,,X,,,,,If you recalled a Spy this turn: +2 Troops,,1,+1 Spice,,,,X,,2
Reliable Informant,,Uprising,Imperium,Uprising,1,2,,,,,,,,,,,,,,,,,,X,,,,,Deploy a Spy on Emperor/Bene Gesserit/Fremen Observation Post,1,,+1 Solari,,X,,,,1
Sardaukar Coordination,,Uprising,Imperium,All,2,4,,,,X,,,X,,,,,,,,,,,,,,,,You may deploy any troops you recruit this turn to the conflict.,,1,+1 Sword for each Emperor card you revealed (including this one).,X,,,,,2
Sardaukar Soldier,,Uprising,Imperium,All,1,1,,,,,X,,,,,,,,,,,,,,,,,,When this card is trashed: Get 1 Intrigue Card,1,1,,X,,,,,1
Shishakli,,Uprising,Imperium,All,1,4,,,,,X,X,,,,,,,,,,,,,,,,,Trash a card -> Draw a card,,2,Fremen Bond: +1 Fremen Influence,,,,X,,1
Smuggler's Harvester,,Uprising,Imperium,All,2,1,,,,,,X,,,,,,,,,,,,,,,,,If you sent an Agent to a Maker board space  this turn: Get 1 Spice,1,,,,X,,,,2
Smuggler's Haven,,Uprising,Imperium,Uprising,1,4,,,,,,X,,X,,,,,,,,,,,,,,,4 Spice -> 1 Victory Point,1,,If you are occupying a Maker board space: +2 Spice,,X,,,1,1
Southern Elders,,Uprising,Imperium,All,1,4,,,,,,,,,X,X,,,,,,,,,,,,,If you have another Bene Gesserit card in play: +2 Troops,,,"+1 Water
Fremen Bond: +2 Persuasion",,,X,X,,1
Space-Time Folding,,Uprising,Imperium,All,1,1,,,,,,,,X,,,,,,,,,,,,,,,"Discard a card -> Draw a card.
If you discarded a Spacing Guild card: Draw a card.",1,,,,X,,,,1
Spacing Guild's Favor,,Uprising,Imperium,All,2,5,,,When this card is discarded: +2 Spice,,,,,,,,,,,,,,,,,,,,Draw 1 card,2,,Spend 3 Spice to gain 1 influence with any faction.,,,,,,2
Spy Network,,Uprising,Imperium,Uprising,1,2,,+1 Spy,,,,,,,,,,,,,,,,X,,,,,,2,1,If you have two or more Spies on the board: Recall a Spy -> Get an Intrigue card.,X,X,,,,1
Steersman,,Uprising,Imperium,All,1,8,,+1 Influence with Spacing Guild,,X,X,X,,X,,,,,,,,,,,,,,,"Draw a Card, Recall an Agent",2,,+2 Spice,,X,,,,1
"Stilgar, The Devoted",,Uprising,Imperium,All,1,6,,,,,X,X,,,,X,,,,,,,,,,,,,+2 Troops,2,,+2 Persuasion for each Fremen card you have in play (including this one). ,,,,X,,1
Strike Fleet,,Uprising,Imperium,Uprising,1,5,,+1 Spy,,,,,,,,,X,,,,,,,X,,,,,If you recalled a Spy this turn: +3 Troops,1,3,,,,,,,1
Subversive Advisor,,Uprising,Imperium,Uprising,1,5,,+1 Spy,,,,,,,,,X,,,,,,,,,,,,"If you sent an Agent to a Faction board space this turn, gain two Influence instead of one and trash this card.",1,,,,,,,,1
Treacherous Maneuver,Theacherous Maneuver,Uprising,Imperium,All,1,5,,,,,,,X,X,X,X,,,,,,,,,,,,,Trash this card and an Emperor card from your hand -> Gain two Influence instead of one.,1,,+1 Intrigue card,X,,,,,1
Tread in Darkness,,Uprising,Imperium,All,2,4,,,,X,X,X,,,,,,,,,,,,,,,,,"If you have another Bene Gesserit card in play: Trash a card, Draw a card",2,1,,,,X,,,1
Truthtrance,,Uprising,Imperium,All,2,4,,,,,,,X,X,X,X,,,,,,,,,,,,,,1,,,,,X,,,2
Undercover Asset,,Uprising,Imperium,Uprising,1,2,,,,X,X,X,,,,,X,,,,,,,X,,,,,Ignore Influence requirements on board spaces when sending an Agent this turn.,,,+1 Spy or +2 Daggers,X,X,,,,1
Unswerving Loyalty,,Uprising,Imperium,All,2,1,,,,,,,,,,,,,,,,,,,,,,,,1,,"+1 Troop
Fremen Bond: You may deploy or retreat one of your troops.",,,,X,,2
Weirding Woman,,Uprising,Imperium,All,2,1,,,,,X,X,,,,,,,,,,,,,,,,,"If you have another Bene Gesserit card in play, return this card from play to your hand.",1,1,,,,X,,,1
Wheels within Wheels,,Uprising,Imperium,Uprising,1,2,,,,,,,,,,,X,,,,,,,X,,,,,"With 2 Influence with Emperor: +2 Solari
With 2 Influence with Spacing Guild: +1 Spice",1,,+1 Spy,X,X,,,,1
Twisted Mentat,,Immortality,Tleilaxu,,1,,4,,X,X,,,,,,,,,,,,X,,,,,You may recall the Agent you sent this turn.,1,1,+1 Specimen,,,,,,,,
Usurp,,Immortality,Tleilaxu,,1,,4,,,,,,,,,,,,,,,X,,,,,"You may graft this to a card in the Imperium Row without acquiring it. If you do, trash that card at the end of the turn.",1,1,+1 Specimen,,,,,,,,
Beguiling Pheromones,,Immortality,Tleilaxu,,1,,3,,,X,X,,,,,,,,,,,X,,,,,"If you sent an Agent to a Faction board space this turn, trash of of the grafted cards and gain an additional Influence with that Faction.",1,1,,,,,,,,,
Ghola,,Immortality,Tleilaxu,,1,,3,,,X,,,,,,,,,,,,X,,,,,This card has the same Agent box as the other grafted card.,1,1,,,,,,,,,
Scientific Breakthrough,,Immortality,Tleilaxu,,1,,3,,X,X,X,,,,,,,,,,X,,,,,,+1 Research. If at 2 DNA: Trash this card -> +1 Victory Point,,,,,,,,1,,,
Stitched Horror,,Immortality,Tleilaxu,,1,,3,,,X,,,,,,,,,,,X,X,,,,,"Choose two: +1 Water, +1 Troop, Trash a card, +1 Beetle",1,1,,,,,,,,,
Unnatural Reflexes,,Immortality,Tleilaxu,,1,,3,,,,X,,,,,,,,,,X,X,,,,,If at 1 DNA: Draw 2 cards,1,1,,,,,,,,,
"Piter, Genius Advisor",,Promo,Tleilaxu,,1,,3,,X,,X,,,,,,,,,,X,,,,,,"Lose a troop -> Draw 2 cards, +1 Research",1,1,,,,,,,,,
Face Dancer,,Immortality,Tleilaxu,,1,,2,,,,,X,X,,X,,,,,,,X,,,,,Draw a card,1,,,X,X,,X,,,,
From the Tanks,,Immortality,Tleilaxu,,1,,2,,X,,,,,,,,,,,,,,,,,,+1 Troops,1,,,,,,,,,,
Guild Impersonator,,Immortality,Tleilaxu,,1,,2,,,,,,X,,,,,,,,,X,,,,,If you gain spice this turn: +1 Influence with Spacing Guild,1,,,,X,,,,,,
Slig Farmer,,Immortality,Tleilaxu,,1,,2,,X,,,,,,,,,,,,X,X,,,,,+1 Solari for each Agent icon on the other grafted card. 5 Solari -> 1 Beetle,,,,,,,,,,,
Subject X-137,,Immortality,Tleilaxu,,1,,2,+1 Beetle,X,,X,,,,,,,,,,X,,,,,,"If at 1 DNA, +1 Beetle",1,,,,,,,,,,
Tleilaxu Infiltrator,,Immortality,Tleilaxu,,1,,2,,,X,,,,,,,,,,X,X,X,,,,,Enemy agents don't block your agent this turn. Draw a card AND If at 2 DNA: +1 Intrigue card,1,,,,,,,,,,
Chairdog,,Immortality,Tleilaxu,,1,,1,,,X,,,,,,,,,,,,X,,,,,"At the start of your Reveal turn, return the other grafted card from play to your hand.",1,,,,,,,,,,
Contaminator,,Immortality,Tleilaxu,,1,,1,,,,,,,,X,,,,,,X,,,,,,+1 Beetle,1,,,,,,X,,,,
Corrino Genes,,Immortality,Tleilaxu,,1,,1,+2 Solari,,,,X,,,,,,,,,X,,,,,,If grafted: +1 Beetle,1,,,X,,,,,,,
Face Dancer Initiate,,Immortality,Tleilaxu,,1,,1,,,,,X,X,,X,,,,,,,X,,,,,,1,,,X,X,,X,,,,
Industrial Espionage,,Immortality,Tleilaxu,,1,,1,,X,,,,,,,,,,,,,X,,,,,"Draw a card. If grafted, '+1 Research and +1 Specimen",1,,,,,,,,,,
Troop Transports,,Rise of Ix,Tech,,,,,,,,,,,,,,,,,,,,,,,,,,,,,,,,,,,
Chaumurky,,Rise of Ix,Tech,,,,,,,,,,,,,,,,,,,,,,,,,,,,,,,,,,,
Restricted Ordnance,,Rise of Ix,Tech,,,,,,,,,,,,,,,,,,,,,,,,,,,,,,,,,,,
Detonation Devices,,Rise of Ix,Tech,,,,,,,,,,,,,,,,,,,,,,,,,,,,,,,,,,,
Holoprojectors,,Rise of Ix,Tech,,,,,,,,,,,,,,,,,,,,,,,,,,,,,,,,,,,
Invasion Ships,,Rise of Ix,Tech,,,,,,,,,,,,,,,,,,,,,,,,,,,,,,,,,,,
Shuttle Fleet,,Rise of Ix,Tech,,,,,,,,,,,,,,,,,,,,,,,,,,,,,,,,,,,
Disposal Facility,,Rise of Ix,Tech,,,,,,,,,,,,,,,,,,,,,,,,,,,,,,,,,,,
Spaceport,,Rise of Ix,Tech,,,,,,,,,,,,,,,,,,,,,,,,,,,,,,,,,,,
Windtraps,,Rise of Ix,Tech,,,,,,,,,,,,,,,,,,,,,,,,,,,,,,,,,,,
Holtzman Engine,,Rise of Ix,Tech,,,,,,,,,,,,,,,,,,,,,,,,,,,,,,,,,,,
Artillery,,Rise of Ix,Tech,,,,,,,,,,,,,,,,,,,,,,,,,,,,,,,,,,,
Sonic Snoopers,,Rise of Ix,Tech,,,,,,,,,,,,,,,,,,,,,,,,,,,,,,,,,,,
Training Drones,,Rise of Ix,Tech,,,,,,,,,,,,,,,,,,,,,,,,,,,,,,,,,,,
Flagship,,Rise of Ix,Tech,,,,,,,,,,,,,,,,,,,,,,,,,,,,,,,,,,,
Minimic Film,,Rise of Ix,Tech,,,,,,,,,,,,,,,,,,,,,,,,,,,,,,,,,,,
Memocorders,,Rise of Ix,Tech,,,,,,,,,,,,,,,,,,,,,,,,,,,,,,,,,,,
Spy Satellites,,Rise of Ix,Tech,,,,,,,,,,,,,,,,,,,,,,,,,,,,,,,,,,,
Training Depot,,Bloodlines,Tech,,,,,,,,,,,,,,,,,,,,,,,,,,,,,,,,,,,
Gene-Locked Vault,,Bloodlines,Tech,,,,,,,,,,,,,,,,,,,,,,,,,,,,,,,,,,,
Glowglobes,,Bloodlines,Tech,,,,,,,,,,,,,,,,,,,,,,,,,,,,,,,,,,,
Planetary Array,,Bloodlines,Tech,,,,,,,,,,,,,,,,,,,,,,,,,,,,,,,,,,,
Servo-Receivers,,Bloodlines,Tech,,,,,,,,,,,,,,,,,,,,,,,,,,,,,,,,,,,
Delivery Bay,,Bloodlines,Tech,,,,,,,,,,,,,,,,,,,,,,,,,,,,,,,,,,,
Plasteel Blades,,Bloodlines,Tech,,,,,,,,,,,,,,,,,,,,,,,,,,,,,,,,,,,
Suspensor Suits,,Bloodlines,Tech,,,,,,,,,,,,,,,,,,,,,,,,,,,,,,,,,,,
Rapid Dropships,,Bloodlines,Tech,,,,,,,,,,,,,,,,,,,,,,,,,,,,,,,,,,,
Self-Destroying Messages,,Bloodlines,Tech,,,,,,,,,,,,,,,,,,,,,,,,,,,,,,,,,,,
Navigation Chamber,,Bloodlines,Tech,,,,,,,,,,,,,,,,,,,,,,,,,,,,,,,,,,,
Sardaukar High Command,,Bloodlines,Tech,,,,,,,,,,,,,,,,,,,,,,,,,,,,,,,,,,,
Forbidden Weapons,,Bloodlines,Tech,,,,,,,,,,,,,,,,,,,,,,,,,,,,,,,,,,,
Advanced Data Analysis,,Bloodlines,Tech,,,,,,,,,,,,,,,,,,,,,,,,,,,,,,,,,,,
Ornithopter Fleet,,Bloodlines,Tech,,,,,,,,,,,,,,,,,,,,,,,,,,,,,,,,,,,
Panopticon,,Bloodlines,Tech,,,,,,,,,,,,,,,,,,,,,,,,,,,,,,,,,,,
Spy Drones,,Bloodlines,Tech,,,,,,,,,,,,,,,,,,,,,,,,,,,,,,,,,,,
CHOAM Transports,,Bloodlines,Tech,,,,,,,,,,,,,,,,,,,,,,,,,,,,,,,,,,,
Duke Leto Atreides,Dune Leto Atreides,Base,Leader,,,,,,,,,,,,,,,,,,,,,,,,,,,,,,,,,,,
"Paul Atreides 
",,Base,Leader,,,,,,,,,,,,,,,,,,,,,,,,,,,,,,,,,,,
Muad'Dib,,Uprising,Leader,,,,,,,,,,,,,,,,,,,,,,,,,,,,,,,,,,,
Gurney Halleck,,Uprising,Leader,,,,,,,,,,,,,,,,,,,,,,,,,,,,,,,,,,,
Lady Jessica,,Uprising,Leader,,,,,,,,,,,,,,,,,,,,,,,,,,,,,,,,,,,
Shaddam Corrino IV,,Uprising,Leader,,,,,,,,,,,,,,,,,,,,,,,,,,,,,,,,,,,
Princess Irulan,,Uprising,Leader,,,,,,,,,,,,,,,,,,,,,,,,,,,,,,,,,,,
"Archduke Armand Ecaz
",,Rise of Ix,Leader,,,,,,,,,,,,,,,,,,,,,,,,,,,,,,,,,,,
"Ilesa Ecaz
",,Rise of Ix,Leader,,,,,,,,,,,,,,,,,,,,,,,,,,,,,,,,,,,
Lady Margot Fenring,,Uprising,Leader,,,,,,,,,,,,,,,,,,,,,,,,,,,,,,,,,,,
"Baron Vladimir Harkonnen
",,Base,Leader,,,,,,,,,,,,,,,,,,,,,,,,,,,,,,,,,,,
"Glossu “The Beast” Rabban 
",,Base,Leader,,,,,,,,,,,,,,,,,,,,,,,,,,,,,,,,,,,
Feyd-Rautha Harkonnen,,Uprising,Leader,,,,,,,,,,,,,,,,,,,,,,,,,,,,,,,,,,,
Lady Amber Metulli,,Uprising,Leader,,,,,,,,,,,,,,,,,,,,,,,,,,,,,,,,,,,
"Princess Yuna Moritani
",,Rise of Ix,Leader,,,,,,,,,,,,,,,,,,,,,,,,,,,,,,,,,,,
"Viscount Hundro Moritani
",,Rise of Ix,Leader,,,,,,,,,,,,,,,,,,,,,,,,,,,,,,,,,,,
Helena Richese,,Base,Leader,,,,,,,,,,,,,,,,,,,,,,,,,,,,,,,,,,,
"Count Ilban Richese
",,Base,Leader,,,,,,,,,,,,,,,,,,,,,,,,,,,,,,,,,,,
"Countess Ariana Thorvald 
",,Base,Leader,,,,,,,,,,,,,,,,,,,,,,,,,,,,,,,,,,,
"Earl Memnon Thorvald
",,Base,Leader,,,,,,,,,,,,,,,,,,,,,,,,,,,,,,,,,,,
"Tessia Vernius
",,Rise of Ix,Leader,,,,,,,,,,,,,,,,,,,,,,,,,,,,,,,,,,,
"Prince Rhombur Vernius
",,Rise of Ix,Leader,,,,,,,,,,,,,,,,,,,,,,,,,,,,,,,,,,,
Staban Tuek,,Uprising,Leader,,,,,,,,,,,,,,,,,,,,,,,,,,,,,,,,,,,
Duncan Idaho,,Bloodlines,Leader,,,,,,,,,,,,,,,,,,,,,,,,,,,,,,,,,,,
Chani,,Bloodlines,Leader,,,,,,,,,,,,,,,,,,,,,,,,,,,,,,,,,,,
Piter de Vries,,Bloodlines,Leader,,,,,,,,,,,,,,,,,,,,,,,,,,,,,,,,,,,
Esmar Tuek,,Bloodlines,Leader,,,,,,,,,,,,,,,,,,,,,,,,,,,,,,,,,,,
Steersman Y'rkoon,,Bloodlines,Leader,,,,,,,,,,,,,,,,,,,,,,,,,,,,,,,,,,,
Count Hasimir Fenring,,Bloodlines,Leader,,,,,,,,,,,,,,,,,,,,,,,,,,,,,,,,,,,
Gaius Helen Mohiam,,Bloodlines,Leader,,,,,,,,,,,,,,,,,,,,,,,,,,,,,,,,,,,
Liet Kynes,,Bloodlines,Leader,,,,,,,,,,,,,,,,,,,,,,,,,,,,,,,,,,,
Kota Odax of Ix,,Bloodlines,Leader,,,,,,,,,,,,,,,,,,,,,,,,,,,,,,,,,,,